INSERT INTO backend_saw.period (id, name, created_at, updated_at, deleted_at) VALUES (1, 'Januari 2022', '2022-07-24 18:16:22', '2022-07-24 18:16:22', null);
INSERT INTO backend_saw.period (id, name, created_at, updated_at, deleted_at) VALUES (2, 'Februari 2022', '2022-08-11 18:59:09', '2022-08-11 18:59:09', null);
INSERT INTO backend_saw.period (id, name, created_at, updated_at, deleted_at) VALUES (3, 'Maret 2022', '2022-08-11 18:59:09', '2022-08-11 18:59:09', null);
INSERT INTO backend_saw.period (id, name, created_at, updated_at, deleted_at) VALUES (4, 'April 2022', '2022-08-11 18:59:09', '2022-08-11 18:59:09', null);
INSERT INTO backend_saw.period (id, name, created_at, updated_at, deleted_at) VALUES (5, 'Mei 2022', '2022-08-11 18:59:09', '2022-08-11 18:59:09', null);
INSERT INTO backend_saw.period (id, name, created_at, updated_at, deleted_at) VALUES (6, 'Juni 2022', '2022-08-11 18:59:09', '2022-08-11 18:59:09', null);
INSERT INTO backend_saw.period (id, name, created_at, updated_at, deleted_at) VALUES (7, 'Juli 2022', '2022-08-11 18:59:09', '2022-08-11 18:59:09', null);
INSERT INTO backend_saw.period (id, name, created_at, updated_at, deleted_at) VALUES (8, 'Agustus 2022', '2022-08-11 18:59:09', '2022-08-11 18:59:09', null);
INSERT INTO backend_saw.period (id, name, created_at, updated_at, deleted_at) VALUES (9, 'September 2022', '2022-08-17 07:55:04', '2022-08-17 07:55:04', null);
INSERT INTO backend_saw.period (id, name, created_at, updated_at, deleted_at) VALUES (10, 'Oktober 2022', '2022-09-24 12:53:28', '2022-09-24 12:53:28', null);
INSERT INTO backend_saw.period (id, name, created_at, updated_at, deleted_at) VALUES (11, 'November 2022', '2022-09-24 12:53:54', '2022-09-24 12:53:54', null);
INSERT INTO backend_saw.period (id, name, created_at, updated_at, deleted_at) VALUES (12, 'Desember 2022', '2022-09-24 12:53:54', '2022-09-24 12:53:54', null);

INSERT INTO backend_saw.criteria (id, name, description, weight, type, created_at, updated_at, deleted_at) VALUES (1, 'Golang', 'Mahir Bahasa Pemrograman Golang', 15, 1, '2022-07-24 18:01:39', '2022-07-24 18:01:39', null);
INSERT INTO backend_saw.criteria (id, name, description, weight, type, created_at, updated_at, deleted_at) VALUES (2, 'Hasil Test', 'Mengerjakan Tes yang di berikan', 20, 1, '2022-07-24 18:02:03', '2022-07-24 18:02:03', null);
INSERT INTO backend_saw.criteria (id, name, description, weight, type, created_at, updated_at, deleted_at) VALUES (3, 'Code Readability', 'Hasil Tes / Baris Kode Pemrograman yang Mudah di Pahami serta mudah di Baca', 10, 1, '2022-07-24 18:02:24', '2022-07-24 18:02:24', null);
INSERT INTO backend_saw.criteria (id, name, description, weight, type, created_at, updated_at, deleted_at) VALUES (4, 'Dokumentasi', 'Adanya Dokumentasi Hasil Tes', 5, 1, '2022-07-24 18:02:47', '2022-07-24 18:02:47', null);
INSERT INTO backend_saw.criteria (id, name, description, weight, type, created_at, updated_at, deleted_at) VALUES (5, 'Unit Test', 'Adanya Unit Test / Pengujian Kode Program terhadap Tes yang sudah di kerjakan', 10, 1, '2022-07-24 18:03:01', '2022-07-24 18:03:01', null);
INSERT INTO backend_saw.criteria (id, name, description, weight, type, created_at, updated_at, deleted_at) VALUES (6, 'Tech Experience', 'Pengalaman akan Teknologi', 20, 1, '2022-07-24 18:03:18', '2022-07-24 18:03:18', null);
INSERT INTO backend_saw.criteria (id, name, description, weight, type, created_at, updated_at, deleted_at) VALUES (7, 'Design System', 'Kemampuan dalam merancang sistem', 10, 1, '2022-07-24 18:03:32', '2022-07-24 18:03:32', null);
INSERT INTO backend_saw.criteria (id, name, description, weight, type, created_at, updated_at, deleted_at) VALUES (8, 'Code Scalability ', 'Kemampuan dalam membuat code untuk menangani beban yang diberikan', 10, 1, '2022-07-24 18:03:51', '2022-07-24 18:03:51', null);

INSERT INTO backend_saw.sub_criteria (id, criteria_id, name, point, created_at, updated_at, deleted_at) VALUES (1, 1, 'Sangat Buruk (1 - 20)', 5, '2022-07-24 18:13:47', '2022-07-24 18:13:47', null);
INSERT INTO backend_saw.sub_criteria (id, criteria_id, name, point, created_at, updated_at, deleted_at) VALUES (2, 1, 'Buruk (21 - 40)', 25, '2022-07-24 18:14:01', '2022-07-24 18:14:01', null);
INSERT INTO backend_saw.sub_criteria (id, criteria_id, name, point, created_at, updated_at, deleted_at) VALUES (3, 1, 'Cukup (41 - 60)', 50, '2022-07-24 18:14:12', '2022-07-24 18:14:12', null);
INSERT INTO backend_saw.sub_criteria (id, criteria_id, name, point, created_at, updated_at, deleted_at) VALUES (4, 1, 'Baik (61 - 80)', 75, '2022-07-24 18:14:32', '2022-07-24 18:14:32', null);
INSERT INTO backend_saw.sub_criteria (id, criteria_id, name, point, created_at, updated_at, deleted_at) VALUES (5, 1, 'Sangat Baik (81 - 100)', 100, '2022-07-24 18:14:42', '2022-11-02 17:44:57', null);
INSERT INTO backend_saw.sub_criteria (id, criteria_id, name, point, created_at, updated_at, deleted_at) VALUES (6, 2, 'Sangat Buruk (1 - 20)', 5, '2022-07-24 18:15:02', '2022-07-24 18:15:02', null);
INSERT INTO backend_saw.sub_criteria (id, criteria_id, name, point, created_at, updated_at, deleted_at) VALUES (7, 2, 'Buruk (21 - 40)', 25, '2022-07-24 18:15:17', '2022-07-24 18:15:17', null);
INSERT INTO backend_saw.sub_criteria (id, criteria_id, name, point, created_at, updated_at, deleted_at) VALUES (8, 2, 'Cukup (41 - 60)', 50, '2022-07-24 18:15:31', '2022-07-24 18:15:31', null);
INSERT INTO backend_saw.sub_criteria (id, criteria_id, name, point, created_at, updated_at, deleted_at) VALUES (9, 2, 'Baik (61 - 80)', 75, '2022-07-24 18:15:42', '2022-07-24 18:15:42', null);
INSERT INTO backend_saw.sub_criteria (id, criteria_id, name, point, created_at, updated_at, deleted_at) VALUES (10, 2, 'Sangat Baik (81 - 100)', 100, '2022-07-24 18:15:55', '2022-07-24 18:15:55', null);
INSERT INTO backend_saw.sub_criteria (id, criteria_id, name, point, created_at, updated_at, deleted_at) VALUES (12, 3, 'Sangat Baik (81 - 100)', 100, '2022-09-24 07:50:53', '2022-09-24 07:50:53', null);
INSERT INTO backend_saw.sub_criteria (id, criteria_id, name, point, created_at, updated_at, deleted_at) VALUES (13, 3, 'Baik (61 - 80)', 75, '2022-09-24 07:50:53', '2022-09-24 07:50:53', null);
INSERT INTO backend_saw.sub_criteria (id, criteria_id, name, point, created_at, updated_at, deleted_at) VALUES (14, 3, 'Cukup (41 - 60)', 50, '2022-09-24 07:50:53', '2022-09-24 07:50:53', null);
INSERT INTO backend_saw.sub_criteria (id, criteria_id, name, point, created_at, updated_at, deleted_at) VALUES (15, 3, 'Buruk (21 - 40)', 25, '2022-09-24 07:50:53', '2022-09-24 07:50:53', null);
INSERT INTO backend_saw.sub_criteria (id, criteria_id, name, point, created_at, updated_at, deleted_at) VALUES (16, 3, 'Sangat Buruk (1 - 20)', 5, '2022-09-24 07:50:53', '2022-09-24 07:50:53', null);
INSERT INTO backend_saw.sub_criteria (id, criteria_id, name, point, created_at, updated_at, deleted_at) VALUES (17, 4, 'Sangat Baik (81 - 100)', 100, '2022-09-24 07:50:53', '2022-09-24 07:50:53', null);
INSERT INTO backend_saw.sub_criteria (id, criteria_id, name, point, created_at, updated_at, deleted_at) VALUES (18, 4, 'Baik (61 - 80)', 75, '2022-09-24 07:50:53', '2022-09-24 07:50:53', null);
INSERT INTO backend_saw.sub_criteria (id, criteria_id, name, point, created_at, updated_at, deleted_at) VALUES (19, 4, 'Cukup (41 - 60)', 50, '2022-09-24 07:50:53', '2022-09-24 07:50:53', null);
INSERT INTO backend_saw.sub_criteria (id, criteria_id, name, point, created_at, updated_at, deleted_at) VALUES (20, 4, 'Buruk (21 - 40)', 25, '2022-09-24 07:50:53', '2022-09-24 07:50:53', null);
INSERT INTO backend_saw.sub_criteria (id, criteria_id, name, point, created_at, updated_at, deleted_at) VALUES (21, 4, 'Sangat Buruk (1 - 20)', 5, '2022-09-24 07:50:53', '2022-09-24 07:50:53', null);
INSERT INTO backend_saw.sub_criteria (id, criteria_id, name, point, created_at, updated_at, deleted_at) VALUES (22, 5, 'Run >= 60% (60 - 100%)', 100, '2022-09-24 07:50:53', '2022-09-24 07:50:53', null);
INSERT INTO backend_saw.sub_criteria (id, criteria_id, name, point, created_at, updated_at, deleted_at) VALUES (23, 5, 'Run >= 40% (40 - 59%)', 75, '2022-09-24 07:50:53', '2022-09-24 07:50:53', null);
INSERT INTO backend_saw.sub_criteria (id, criteria_id, name, point, created_at, updated_at, deleted_at) VALUES (24, 5, 'Run >= 30% (30 - 39%)', 50, '2022-09-24 07:50:53', '2022-09-24 07:50:53', null);
INSERT INTO backend_saw.sub_criteria (id, criteria_id, name, point, created_at, updated_at, deleted_at) VALUES (25, 5, 'Run > 10% (11 - 29%)', 25, '2022-09-24 07:50:53', '2022-11-02 17:40:33', null);
INSERT INTO backend_saw.sub_criteria (id, criteria_id, name, point, created_at, updated_at, deleted_at) VALUES (26, 5, 'Run <= 10% (1 - 10%)', 5, '2022-09-24 07:50:53', '2022-09-24 07:50:53', null);
INSERT INTO backend_saw.sub_criteria (id, criteria_id, name, point, created_at, updated_at, deleted_at) VALUES (27, 6, 'Sangat Baik (81 - 100)', 100, '2022-09-24 07:50:53', '2022-09-24 07:50:53', null);
INSERT INTO backend_saw.sub_criteria (id, criteria_id, name, point, created_at, updated_at, deleted_at) VALUES (28, 6, 'Baik (61 - 80)', 75, '2022-09-24 07:50:53', '2022-09-24 07:50:53', null);
INSERT INTO backend_saw.sub_criteria (id, criteria_id, name, point, created_at, updated_at, deleted_at) VALUES (29, 6, 'Cukup (41 - 60)', 50, '2022-09-24 07:50:53', '2022-09-24 07:50:53', null);
INSERT INTO backend_saw.sub_criteria (id, criteria_id, name, point, created_at, updated_at, deleted_at) VALUES (30, 6, 'Buruk (21 - 40)', 25, '2022-09-24 07:50:53', '2022-09-24 07:50:53', null);
INSERT INTO backend_saw.sub_criteria (id, criteria_id, name, point, created_at, updated_at, deleted_at) VALUES (31, 6, 'Sangat Buruk (1 - 20)', 5, '2022-09-24 07:50:53', '2022-09-24 07:50:53', null);
INSERT INTO backend_saw.sub_criteria (id, criteria_id, name, point, created_at, updated_at, deleted_at) VALUES (32, 7, 'Sangat Baik (81 - 100)', 100, '2022-09-24 07:50:53', '2022-09-24 07:50:53', null);
INSERT INTO backend_saw.sub_criteria (id, criteria_id, name, point, created_at, updated_at, deleted_at) VALUES (33, 7, 'Baik (61 - 80)', 75, '2022-09-24 07:50:53', '2022-09-24 07:50:53', null);
INSERT INTO backend_saw.sub_criteria (id, criteria_id, name, point, created_at, updated_at, deleted_at) VALUES (34, 7, 'Cukup (41 - 60)', 50, '2022-09-24 07:50:53', '2022-09-24 07:50:53', null);
INSERT INTO backend_saw.sub_criteria (id, criteria_id, name, point, created_at, updated_at, deleted_at) VALUES (35, 7, 'Buruk (21 - 40)', 25, '2022-09-24 07:50:53', '2022-09-24 07:50:53', null);
INSERT INTO backend_saw.sub_criteria (id, criteria_id, name, point, created_at, updated_at, deleted_at) VALUES (36, 7, 'Sangat Buruk (1 - 20)', 5, '2022-09-24 07:50:53', '2022-09-24 07:50:53', null);
INSERT INTO backend_saw.sub_criteria (id, criteria_id, name, point, created_at, updated_at, deleted_at) VALUES (37, 8, 'Sangat Baik (81 - 100)', 100, '2022-09-24 07:50:53', '2022-09-24 07:50:53', null);
INSERT INTO backend_saw.sub_criteria (id, criteria_id, name, point, created_at, updated_at, deleted_at) VALUES (38, 8, 'Baik (61 - 80)', 75, '2022-09-24 07:50:53', '2022-09-24 07:50:53', null);
INSERT INTO backend_saw.sub_criteria (id, criteria_id, name, point, created_at, updated_at, deleted_at) VALUES (39, 8, 'Cukup (41 - 60)', 50, '2022-09-24 07:50:53', '2022-09-24 07:50:53', null);
INSERT INTO backend_saw.sub_criteria (id, criteria_id, name, point, created_at, updated_at, deleted_at) VALUES (40, 8, 'Buruk (21 - 40)', 25, '2022-09-24 07:50:53', '2022-09-24 07:50:53', null);
INSERT INTO backend_saw.sub_criteria (id, criteria_id, name, point, created_at, updated_at, deleted_at) VALUES (41, 8, 'Sangat Buruk (1 - 20)', 5, '2022-09-24 07:50:53', '2022-09-24 07:50:53', null);
INSERT INTO backend_saw.sub_criteria (id, criteria_id, name, point, created_at, updated_at, deleted_at) VALUES (42, 1, 'test', 75, '2022-11-01 16:59:01', '2022-11-01 16:59:15', '2022-11-01 16:59:15');
INSERT INTO backend_saw.sub_criteria (id, criteria_id, name, point, created_at, updated_at, deleted_at) VALUES (43, 1, 'test000', 15, '2022-11-01 17:01:37', '2022-11-01 17:01:57', '2022-11-01 17:01:57');
