-- alternative
INSERT INTO `backend_saw`.`alternative` (`id`, `name`, `previous_company`, `phone_number`, `email`, `current_job_position`, `created_at`, `updated_at`, `deleted_at`) VALUES (3, 'Budi', 'Perusahaan Disamarkan', '081572345351', 'budi@gmail.com', 'Fullstack Developer', '2022-09-24 14:57:02', '2022-09-24 14:57:02', NULL);
INSERT INTO `backend_saw`.`alternative` (`id`, `name`, `previous_company`, `phone_number`, `email`, `current_job_position`, `created_at`, `updated_at`, `deleted_at`) VALUES (4, 'Robi', 'Perusahaan Disamarkan', '081572345351', 'robi@gmail.com', 'Fullstack Developer', '2022-09-24 14:57:02', '2022-09-24 14:57:02', NULL);
INSERT INTO `backend_saw`.`alternative` (`id`, `name`, `previous_company`, `phone_number`, `email`, `current_job_position`, `created_at`, `updated_at`, `deleted_at`) VALUES (5, 'Dandi', 'Perusahaan Disamarkan', '081572345351', 'dandi@gmail.com', 'Fullstack Developer', '2022-09-24 14:57:02', '2022-09-24 14:57:02', NULL);
INSERT INTO `backend_saw`.`alternative` (`id`, `name`, `previous_company`, `phone_number`, `email`, `current_job_position`, `created_at`, `updated_at`, `deleted_at`) VALUES (6, 'Fikri', 'Perusahaan Disamarkan', '081572345351', 'fikri@gmail.com', 'Fullstack Developer', '2022-09-24 14:57:02', '2022-09-24 14:57:02', NULL);
INSERT INTO `backend_saw`.`alternative` (`id`, `name`, `previous_company`, `phone_number`, `email`, `current_job_position`, `created_at`, `updated_at`, `deleted_at`) VALUES (7, 'David', 'Perusahaan Disamarkan', '081572345351', 'david@gmail.com', 'Fullstack Developer', '2022-09-24 14:57:02', '2022-09-24 14:57:02', NULL);
INSERT INTO `backend_saw`.`alternative` (`id`, `name`, `previous_company`, `phone_number`, `email`, `current_job_position`, `created_at`, `updated_at`, `deleted_at`) VALUES (8, 'Pandu', 'Perusahaan Disamarkan', '081572345351', 'pandu@gmail.com', 'Fullstack Developer', '2022-09-24 14:57:02', '2022-09-24 14:57:02', NULL);
INSERT INTO `backend_saw`.`alternative` (`id`, `name`, `previous_company`, `phone_number`, `email`, `current_job_position`, `created_at`, `updated_at`, `deleted_at`) VALUES (9, 'Radya', 'Perusahaan Disamarkan', '081572345351', 'radya@gmail.com', 'Fullstack Developer', '2022-09-24 14:57:02', '2022-09-24 14:57:02', NULL);
INSERT INTO `backend_saw`.`alternative` (`id`, `name`, `previous_company`, `phone_number`, `email`, `current_job_position`, `created_at`, `updated_at`, `deleted_at`) VALUES (10, 'Rudi', 'Perusahaan Disamarkan', '081572345351', 'rudi@gmail.com', 'Fullstack Developer', '2022-09-24 14:57:02', '2022-09-24 14:57:02', NULL);
INSERT INTO `backend_saw`.`alternative` (`id`, `name`, `previous_company`, `phone_number`, `email`, `current_job_position`, `created_at`, `updated_at`, `deleted_at`) VALUES (11, 'Agus', 'Perusahaan Disamarkan', '081572345351', 'Agus@gmail.com', 'Fullstack Developer', '2022-09-24 14:57:02', '2023-03-12 09:04:25', NULL);

-- alternative value
INSERT INTO backend_saw.alternative_value (id, user_id, alternative_id, period_id, period_name, created_at, updated_at, deleted_at) VALUES (31, 1, 3, 1, 'Januari 2022', '2022-11-02 18:05:06', '2022-11-02 18:05:06', null);
INSERT INTO backend_saw.alternative_value (id, user_id, alternative_id, period_id, period_name, created_at, updated_at, deleted_at) VALUES (32, 1, 4, 1, 'Januari 2022', '2022-11-02 18:06:26', '2022-11-02 18:06:26', null);
INSERT INTO backend_saw.alternative_value (id, user_id, alternative_id, period_id, period_name, created_at, updated_at, deleted_at) VALUES (33, 1, 5, 1, 'Januari 2022', '2022-11-02 18:07:31', '2022-11-02 18:07:31', null);
INSERT INTO backend_saw.alternative_value (id, user_id, alternative_id, period_id, period_name, created_at, updated_at, deleted_at) VALUES (34, 1, 6, 1, 'Januari 2022', '2022-11-02 18:08:52', '2022-11-02 18:08:52', null);
INSERT INTO backend_saw.alternative_value (id, user_id, alternative_id, period_id, period_name, created_at, updated_at, deleted_at) VALUES (35, 1, 7, 1, 'Januari 2022', '2022-11-02 18:10:19', '2022-11-02 18:10:19', null);
INSERT INTO backend_saw.alternative_value (id, user_id, alternative_id, period_id, period_name, created_at, updated_at, deleted_at) VALUES (36, 1, 8, 1, 'Januari 2022', '2022-11-02 18:13:13', '2022-11-02 18:13:13', null);
INSERT INTO backend_saw.alternative_value (id, user_id, alternative_id, period_id, period_name, created_at, updated_at, deleted_at) VALUES (37, 1, 9, 1, 'Januari 2022', '2022-11-02 18:14:02', '2022-11-02 18:14:02', null);
INSERT INTO backend_saw.alternative_value (id, user_id, alternative_id, period_id, period_name, created_at, updated_at, deleted_at) VALUES (38, 1, 10, 1, 'Januari 2022', '2022-11-02 18:14:41', '2022-11-02 18:14:41', null);
INSERT INTO backend_saw.alternative_value (id, user_id, alternative_id, period_id, period_name, created_at, updated_at, deleted_at) VALUES (39, 1, 11, 1, 'Januari 2022', '2022-11-02 18:15:45', '2022-11-02 18:15:45', null);
INSERT INTO backend_saw.alternative_value (id, user_id, alternative_id, period_id, period_name, created_at, updated_at, deleted_at) VALUES (40, 1, 9, 5, 'Mei 2022', '2022-11-02 18:19:19', '2022-11-02 18:19:19', null);

-- alternative value detail
INSERT INTO `backend_saw`.`alternative_value_detail` (`id`, `alternative_value_id`, `criteria_id`, `criteria_name`, `weight_criteria`, `sub_criteria_id`, `sub_criteria_name`, `point_sub_criteria`, `created_at`, `updated_at`, `deleted_at`) VALUES (1, 31, 1, 'Golang', 15, 5, 'Sangat Baik (81 - 100)', 100, '2022-11-03 01:05:06', '2022-11-03 01:05:06', NULL);
INSERT INTO `backend_saw`.`alternative_value_detail` (`id`, `alternative_value_id`, `criteria_id`, `criteria_name`, `weight_criteria`, `sub_criteria_id`, `sub_criteria_name`, `point_sub_criteria`, `created_at`, `updated_at`, `deleted_at`) VALUES (2, 31, 2, 'Hasil Test', 20, 9, 'Baik (61 - 80)', 75, '2022-11-03 01:05:06', '2022-11-03 01:05:06', NULL);
INSERT INTO `backend_saw`.`alternative_value_detail` (`id`, `alternative_value_id`, `criteria_id`, `criteria_name`, `weight_criteria`, `sub_criteria_id`, `sub_criteria_name`, `point_sub_criteria`, `created_at`, `updated_at`, `deleted_at`) VALUES (3, 31, 3, 'Postgress SQL', 10, 13, 'Baik (61 - 80)', 75, '2022-11-03 01:05:06', '2022-11-03 01:05:06', NULL);
INSERT INTO `backend_saw`.`alternative_value_detail` (`id`, `alternative_value_id`, `criteria_id`, `criteria_name`, `weight_criteria`, `sub_criteria_id`, `sub_criteria_name`, `point_sub_criteria`, `created_at`, `updated_at`, `deleted_at`) VALUES (4, 31, 4, 'Dokumentasi', 5, 17, 'Sangat Baik (81 - 100)', 100, '2022-11-03 01:05:06', '2022-11-03 01:05:06', NULL);
INSERT INTO `backend_saw`.`alternative_value_detail` (`id`, `alternative_value_id`, `criteria_id`, `criteria_name`, `weight_criteria`, `sub_criteria_id`, `sub_criteria_name`, `point_sub_criteria`, `created_at`, `updated_at`, `deleted_at`) VALUES (5, 31, 5, 'Fintech Experience', 10, 25, 'Run > 10% (11 - 29%)', 25, '2022-11-03 01:05:06', '2022-11-03 01:05:06', NULL);
INSERT INTO `backend_saw`.`alternative_value_detail` (`id`, `alternative_value_id`, `criteria_id`, `criteria_name`, `weight_criteria`, `sub_criteria_id`, `sub_criteria_name`, `point_sub_criteria`, `created_at`, `updated_at`, `deleted_at`) VALUES (6, 31, 6, 'Tech Experience', 20, 28, 'Baik (61 - 80)', 75, '2022-11-03 01:05:06', '2022-11-03 01:05:06', NULL);
INSERT INTO `backend_saw`.`alternative_value_detail` (`id`, `alternative_value_id`, `criteria_id`, `criteria_name`, `weight_criteria`, `sub_criteria_id`, `sub_criteria_name`, `point_sub_criteria`, `created_at`, `updated_at`, `deleted_at`) VALUES (7, 31, 7, 'Design System', 10, 34, 'Cukup (41 - 60)', 50, '2022-11-03 01:05:06', '2022-11-03 01:05:06', NULL);
INSERT INTO `backend_saw`.`alternative_value_detail` (`id`, `alternative_value_id`, `criteria_id`, `criteria_name`, `weight_criteria`, `sub_criteria_id`, `sub_criteria_name`, `point_sub_criteria`, `created_at`, `updated_at`, `deleted_at`) VALUES (8, 31, 8, 'Code Scalability ', 10, 39, 'Cukup (41 - 60)', 50, '2022-11-03 01:05:06', '2022-11-03 01:05:06', NULL);
INSERT INTO `backend_saw`.`alternative_value_detail` (`id`, `alternative_value_id`, `criteria_id`, `criteria_name`, `weight_criteria`, `sub_criteria_id`, `sub_criteria_name`, `point_sub_criteria`, `created_at`, `updated_at`, `deleted_at`) VALUES (9, 32, 1, 'Golang', 15, 2, 'Buruk (21 - 40)', 25, '2022-11-03 01:06:26', '2022-11-03 01:06:26', NULL);
INSERT INTO `backend_saw`.`alternative_value_detail` (`id`, `alternative_value_id`, `criteria_id`, `criteria_name`, `weight_criteria`, `sub_criteria_id`, `sub_criteria_name`, `point_sub_criteria`, `created_at`, `updated_at`, `deleted_at`) VALUES (10, 32, 2, 'Hasil Test', 20, 8, 'Cukup (41 - 60)', 50, '2022-11-03 01:06:26', '2022-11-03 01:06:26', NULL);
INSERT INTO `backend_saw`.`alternative_value_detail` (`id`, `alternative_value_id`, `criteria_id`, `criteria_name`, `weight_criteria`, `sub_criteria_id`, `sub_criteria_name`, `point_sub_criteria`, `created_at`, `updated_at`, `deleted_at`) VALUES (11, 32, 3, 'Postgress SQL', 10, 14, 'Cukup (41 - 60)', 50, '2022-11-03 01:06:26', '2022-11-03 01:06:26', NULL);
INSERT INTO `backend_saw`.`alternative_value_detail` (`id`, `alternative_value_id`, `criteria_id`, `criteria_name`, `weight_criteria`, `sub_criteria_id`, `sub_criteria_name`, `point_sub_criteria`, `created_at`, `updated_at`, `deleted_at`) VALUES (12, 32, 4, 'Dokumentasi', 5, 18, 'Baik (61 - 80)', 75, '2022-11-03 01:06:26', '2022-11-03 01:06:26', NULL);
INSERT INTO `backend_saw`.`alternative_value_detail` (`id`, `alternative_value_id`, `criteria_id`, `criteria_name`, `weight_criteria`, `sub_criteria_id`, `sub_criteria_name`, `point_sub_criteria`, `created_at`, `updated_at`, `deleted_at`) VALUES (13, 32, 5, 'Fintech Experience', 10, 24, 'Run >= 30% (30 - 39%)', 50, '2022-11-03 01:06:26', '2022-11-03 01:06:26', NULL);
INSERT INTO `backend_saw`.`alternative_value_detail` (`id`, `alternative_value_id`, `criteria_id`, `criteria_name`, `weight_criteria`, `sub_criteria_id`, `sub_criteria_name`, `point_sub_criteria`, `created_at`, `updated_at`, `deleted_at`) VALUES (14, 32, 6, 'Tech Experience', 20, 27, 'Sangat Baik (81 - 100)', 100, '2022-11-03 01:06:26', '2022-11-03 01:06:26', NULL);
INSERT INTO `backend_saw`.`alternative_value_detail` (`id`, `alternative_value_id`, `criteria_id`, `criteria_name`, `weight_criteria`, `sub_criteria_id`, `sub_criteria_name`, `point_sub_criteria`, `created_at`, `updated_at`, `deleted_at`) VALUES (15, 32, 7, 'Design System', 10, 33, 'Baik (61 - 80)', 75, '2022-11-03 01:06:26', '2022-11-03 01:06:26', NULL);
INSERT INTO `backend_saw`.`alternative_value_detail` (`id`, `alternative_value_id`, `criteria_id`, `criteria_name`, `weight_criteria`, `sub_criteria_id`, `sub_criteria_name`, `point_sub_criteria`, `created_at`, `updated_at`, `deleted_at`) VALUES (16, 32, 8, 'Code Scalability ', 10, 39, 'Cukup (41 - 60)', 50, '2022-11-03 01:06:26', '2022-11-03 01:06:26', NULL);
INSERT INTO `backend_saw`.`alternative_value_detail` (`id`, `alternative_value_id`, `criteria_id`, `criteria_name`, `weight_criteria`, `sub_criteria_id`, `sub_criteria_name`, `point_sub_criteria`, `created_at`, `updated_at`, `deleted_at`) VALUES (17, 33, 1, 'Golang', 15, 4, 'Baik (61 - 80)', 75, '2022-11-03 01:07:31', '2022-11-03 01:07:31', NULL);
INSERT INTO `backend_saw`.`alternative_value_detail` (`id`, `alternative_value_id`, `criteria_id`, `criteria_name`, `weight_criteria`, `sub_criteria_id`, `sub_criteria_name`, `point_sub_criteria`, `created_at`, `updated_at`, `deleted_at`) VALUES (18, 33, 2, 'Hasil Test', 20, 9, 'Baik (61 - 80)', 75, '2022-11-03 01:07:31', '2022-11-03 01:07:31', NULL);
INSERT INTO `backend_saw`.`alternative_value_detail` (`id`, `alternative_value_id`, `criteria_id`, `criteria_name`, `weight_criteria`, `sub_criteria_id`, `sub_criteria_name`, `point_sub_criteria`, `created_at`, `updated_at`, `deleted_at`) VALUES (19, 33, 3, 'Postgress SQL', 10, 12, 'Sangat Baik (81 - 100)', 100, '2022-11-03 01:07:31', '2022-11-03 01:07:31', NULL);
INSERT INTO `backend_saw`.`alternative_value_detail` (`id`, `alternative_value_id`, `criteria_id`, `criteria_name`, `weight_criteria`, `sub_criteria_id`, `sub_criteria_name`, `point_sub_criteria`, `created_at`, `updated_at`, `deleted_at`) VALUES (20, 33, 4, 'Dokumentasi', 5, 19, 'Cukup (41 - 60)', 50, '2022-11-03 01:07:31', '2022-11-03 01:07:31', NULL);
INSERT INTO `backend_saw`.`alternative_value_detail` (`id`, `alternative_value_id`, `criteria_id`, `criteria_name`, `weight_criteria`, `sub_criteria_id`, `sub_criteria_name`, `point_sub_criteria`, `created_at`, `updated_at`, `deleted_at`) VALUES (21, 33, 5, 'Fintech Experience', 10, 23, 'Run >= 40% (40 - 59%)', 75, '2022-11-03 01:07:31', '2022-11-03 01:07:31', NULL);
INSERT INTO `backend_saw`.`alternative_value_detail` (`id`, `alternative_value_id`, `criteria_id`, `criteria_name`, `weight_criteria`, `sub_criteria_id`, `sub_criteria_name`, `point_sub_criteria`, `created_at`, `updated_at`, `deleted_at`) VALUES (22, 33, 6, 'Tech Experience', 20, 28, 'Baik (61 - 80)', 75, '2022-11-03 01:07:31', '2022-11-03 01:07:31', NULL);
INSERT INTO `backend_saw`.`alternative_value_detail` (`id`, `alternative_value_id`, `criteria_id`, `criteria_name`, `weight_criteria`, `sub_criteria_id`, `sub_criteria_name`, `point_sub_criteria`, `created_at`, `updated_at`, `deleted_at`) VALUES (23, 33, 7, 'Design System', 10, 34, 'Cukup (41 - 60)', 50, '2022-11-03 01:07:31', '2022-11-03 01:07:31', NULL);
INSERT INTO `backend_saw`.`alternative_value_detail` (`id`, `alternative_value_id`, `criteria_id`, `criteria_name`, `weight_criteria`, `sub_criteria_id`, `sub_criteria_name`, `point_sub_criteria`, `created_at`, `updated_at`, `deleted_at`) VALUES (24, 33, 8, 'Code Scalability ', 10, 38, 'Baik (61 - 80)', 75, '2022-11-03 01:07:31', '2022-11-03 01:07:31', NULL);
INSERT INTO `backend_saw`.`alternative_value_detail` (`id`, `alternative_value_id`, `criteria_id`, `criteria_name`, `weight_criteria`, `sub_criteria_id`, `sub_criteria_name`, `point_sub_criteria`, `created_at`, `updated_at`, `deleted_at`) VALUES (25, 34, 1, 'Golang', 15, 4, 'Baik (61 - 80)', 75, '2022-11-03 01:08:52', '2022-11-03 01:08:52', NULL);
INSERT INTO `backend_saw`.`alternative_value_detail` (`id`, `alternative_value_id`, `criteria_id`, `criteria_name`, `weight_criteria`, `sub_criteria_id`, `sub_criteria_name`, `point_sub_criteria`, `created_at`, `updated_at`, `deleted_at`) VALUES (26, 34, 2, 'Hasil Test', 20, 9, 'Baik (61 - 80)', 75, '2022-11-03 01:08:52', '2022-11-03 01:08:52', NULL);
INSERT INTO `backend_saw`.`alternative_value_detail` (`id`, `alternative_value_id`, `criteria_id`, `criteria_name`, `weight_criteria`, `sub_criteria_id`, `sub_criteria_name`, `point_sub_criteria`, `created_at`, `updated_at`, `deleted_at`) VALUES (27, 34, 3, 'Postgress SQL', 10, 13, 'Baik (61 - 80)', 75, '2022-11-03 01:08:52', '2022-11-03 01:08:52', NULL);
INSERT INTO `backend_saw`.`alternative_value_detail` (`id`, `alternative_value_id`, `criteria_id`, `criteria_name`, `weight_criteria`, `sub_criteria_id`, `sub_criteria_name`, `point_sub_criteria`, `created_at`, `updated_at`, `deleted_at`) VALUES (28, 34, 4, 'Dokumentasi', 5, 20, 'Buruk (21 - 40)', 25, '2022-11-03 01:08:52', '2022-11-03 01:08:52', NULL);
INSERT INTO `backend_saw`.`alternative_value_detail` (`id`, `alternative_value_id`, `criteria_id`, `criteria_name`, `weight_criteria`, `sub_criteria_id`, `sub_criteria_name`, `point_sub_criteria`, `created_at`, `updated_at`, `deleted_at`) VALUES (29, 34, 5, 'Fintech Experience', 10, 26, 'Run <= 10% (1 - 10%)', 5, '2022-11-03 01:08:52', '2022-11-03 01:08:52', NULL);
INSERT INTO `backend_saw`.`alternative_value_detail` (`id`, `alternative_value_id`, `criteria_id`, `criteria_name`, `weight_criteria`, `sub_criteria_id`, `sub_criteria_name`, `point_sub_criteria`, `created_at`, `updated_at`, `deleted_at`) VALUES (30, 34, 6, 'Tech Experience', 20, 29, 'Cukup (41 - 60)', 50, '2022-11-03 01:08:52', '2022-11-03 01:08:52', NULL);
INSERT INTO `backend_saw`.`alternative_value_detail` (`id`, `alternative_value_id`, `criteria_id`, `criteria_name`, `weight_criteria`, `sub_criteria_id`, `sub_criteria_name`, `point_sub_criteria`, `created_at`, `updated_at`, `deleted_at`) VALUES (31, 34, 7, 'Design System', 10, 33, 'Baik (61 - 80)', 75, '2022-11-03 01:08:52', '2022-11-03 01:08:52', NULL);
INSERT INTO `backend_saw`.`alternative_value_detail` (`id`, `alternative_value_id`, `criteria_id`, `criteria_name`, `weight_criteria`, `sub_criteria_id`, `sub_criteria_name`, `point_sub_criteria`, `created_at`, `updated_at`, `deleted_at`) VALUES (32, 34, 8, 'Code Scalability ', 10, 38, 'Baik (61 - 80)', 75, '2022-11-03 01:08:52', '2022-11-03 01:08:52', NULL);
INSERT INTO `backend_saw`.`alternative_value_detail` (`id`, `alternative_value_id`, `criteria_id`, `criteria_name`, `weight_criteria`, `sub_criteria_id`, `sub_criteria_name`, `point_sub_criteria`, `created_at`, `updated_at`, `deleted_at`) VALUES (33, 35, 1, 'Golang', 15, 3, 'Cukup (41 - 60)', 50, '2022-11-03 01:10:19', '2022-11-03 01:10:19', NULL);
INSERT INTO `backend_saw`.`alternative_value_detail` (`id`, `alternative_value_id`, `criteria_id`, `criteria_name`, `weight_criteria`, `sub_criteria_id`, `sub_criteria_name`, `point_sub_criteria`, `created_at`, `updated_at`, `deleted_at`) VALUES (34, 35, 2, 'Hasil Test', 20, 8, 'Cukup (41 - 60)', 50, '2022-11-03 01:10:19', '2022-11-03 01:10:19', NULL);
INSERT INTO `backend_saw`.`alternative_value_detail` (`id`, `alternative_value_id`, `criteria_id`, `criteria_name`, `weight_criteria`, `sub_criteria_id`, `sub_criteria_name`, `point_sub_criteria`, `created_at`, `updated_at`, `deleted_at`) VALUES (35, 35, 3, 'Postgress SQL', 10, 12, 'Sangat Baik (81 - 100)', 100, '2022-11-03 01:10:19', '2022-11-03 01:10:19', NULL);
INSERT INTO `backend_saw`.`alternative_value_detail` (`id`, `alternative_value_id`, `criteria_id`, `criteria_name`, `weight_criteria`, `sub_criteria_id`, `sub_criteria_name`, `point_sub_criteria`, `created_at`, `updated_at`, `deleted_at`) VALUES (36, 35, 4, 'Dokumentasi', 5, 19, 'Cukup (41 - 60)', 50, '2022-11-03 01:10:19', '2022-11-03 01:10:19', NULL);
INSERT INTO `backend_saw`.`alternative_value_detail` (`id`, `alternative_value_id`, `criteria_id`, `criteria_name`, `weight_criteria`, `sub_criteria_id`, `sub_criteria_name`, `point_sub_criteria`, `created_at`, `updated_at`, `deleted_at`) VALUES (37, 35, 5, 'Fintech Experience', 10, 26, 'Run <= 10% (1 - 10%)', 5, '2022-11-03 01:10:19', '2022-11-03 01:10:19', NULL);
INSERT INTO `backend_saw`.`alternative_value_detail` (`id`, `alternative_value_id`, `criteria_id`, `criteria_name`, `weight_criteria`, `sub_criteria_id`, `sub_criteria_name`, `point_sub_criteria`, `created_at`, `updated_at`, `deleted_at`) VALUES (38, 35, 6, 'Tech Experience', 20, 28, 'Baik (61 - 80)', 75, '2022-11-03 01:10:19', '2022-11-03 01:10:19', NULL);
INSERT INTO `backend_saw`.`alternative_value_detail` (`id`, `alternative_value_id`, `criteria_id`, `criteria_name`, `weight_criteria`, `sub_criteria_id`, `sub_criteria_name`, `point_sub_criteria`, `created_at`, `updated_at`, `deleted_at`) VALUES (39, 35, 7, 'Design System', 10, 33, 'Baik (61 - 80)', 75, '2022-11-03 01:10:19', '2022-11-03 01:10:19', NULL);
INSERT INTO `backend_saw`.`alternative_value_detail` (`id`, `alternative_value_id`, `criteria_id`, `criteria_name`, `weight_criteria`, `sub_criteria_id`, `sub_criteria_name`, `point_sub_criteria`, `created_at`, `updated_at`, `deleted_at`) VALUES (40, 35, 8, 'Code Scalability ', 10, 39, 'Cukup (41 - 60)', 50, '2022-11-03 01:10:19', '2022-11-03 01:10:19', NULL);
INSERT INTO `backend_saw`.`alternative_value_detail` (`id`, `alternative_value_id`, `criteria_id`, `criteria_name`, `weight_criteria`, `sub_criteria_id`, `sub_criteria_name`, `point_sub_criteria`, `created_at`, `updated_at`, `deleted_at`) VALUES (41, 36, 1, 'Golang', 15, 2, 'Buruk (21 - 40)', 25, '2022-11-03 01:13:13', '2022-11-03 01:13:13', NULL);
INSERT INTO `backend_saw`.`alternative_value_detail` (`id`, `alternative_value_id`, `criteria_id`, `criteria_name`, `weight_criteria`, `sub_criteria_id`, `sub_criteria_name`, `point_sub_criteria`, `created_at`, `updated_at`, `deleted_at`) VALUES (42, 36, 2, 'Hasil Test', 20, 9, 'Baik (61 - 80)', 75, '2022-11-03 01:13:13', '2022-11-03 01:13:13', NULL);
INSERT INTO `backend_saw`.`alternative_value_detail` (`id`, `alternative_value_id`, `criteria_id`, `criteria_name`, `weight_criteria`, `sub_criteria_id`, `sub_criteria_name`, `point_sub_criteria`, `created_at`, `updated_at`, `deleted_at`) VALUES (43, 36, 3, 'Postgress SQL', 10, 13, 'Baik (61 - 80)', 75, '2022-11-03 01:13:13', '2022-11-03 01:13:13', NULL);
INSERT INTO `backend_saw`.`alternative_value_detail` (`id`, `alternative_value_id`, `criteria_id`, `criteria_name`, `weight_criteria`, `sub_criteria_id`, `sub_criteria_name`, `point_sub_criteria`, `created_at`, `updated_at`, `deleted_at`) VALUES (44, 36, 4, 'Dokumentasi', 5, 18, 'Baik (61 - 80)', 75, '2022-11-03 01:13:13', '2022-11-03 01:13:13', NULL);
INSERT INTO `backend_saw`.`alternative_value_detail` (`id`, `alternative_value_id`, `criteria_id`, `criteria_name`, `weight_criteria`, `sub_criteria_id`, `sub_criteria_name`, `point_sub_criteria`, `created_at`, `updated_at`, `deleted_at`) VALUES (45, 36, 5, 'Fintech Experience', 10, 22, 'Run >= 60% (60 - 100%)', 100, '2022-11-03 01:13:13', '2022-11-03 01:13:13', NULL);
INSERT INTO `backend_saw`.`alternative_value_detail` (`id`, `alternative_value_id`, `criteria_id`, `criteria_name`, `weight_criteria`, `sub_criteria_id`, `sub_criteria_name`, `point_sub_criteria`, `created_at`, `updated_at`, `deleted_at`) VALUES (46, 36, 6, 'Tech Experience', 20, 28, 'Baik (61 - 80)', 75, '2022-11-03 01:13:13', '2022-11-03 01:13:13', NULL);
INSERT INTO `backend_saw`.`alternative_value_detail` (`id`, `alternative_value_id`, `criteria_id`, `criteria_name`, `weight_criteria`, `sub_criteria_id`, `sub_criteria_name`, `point_sub_criteria`, `created_at`, `updated_at`, `deleted_at`) VALUES (47, 36, 7, 'Design System', 10, 34, 'Cukup (41 - 60)', 50, '2022-11-03 01:13:13', '2022-11-03 01:13:13', NULL);
INSERT INTO `backend_saw`.`alternative_value_detail` (`id`, `alternative_value_id`, `criteria_id`, `criteria_name`, `weight_criteria`, `sub_criteria_id`, `sub_criteria_name`, `point_sub_criteria`, `created_at`, `updated_at`, `deleted_at`) VALUES (48, 36, 8, 'Code Scalability ', 10, 38, 'Baik (61 - 80)', 75, '2022-11-03 01:13:13', '2022-11-03 01:13:13', NULL);
INSERT INTO `backend_saw`.`alternative_value_detail` (`id`, `alternative_value_id`, `criteria_id`, `criteria_name`, `weight_criteria`, `sub_criteria_id`, `sub_criteria_name`, `point_sub_criteria`, `created_at`, `updated_at`, `deleted_at`) VALUES (49, 37, 1, 'Golang', 15, 5, 'Sangat Baik (81 - 100)', 100, '2022-11-03 01:14:02', '2022-11-03 01:14:02', NULL);
INSERT INTO `backend_saw`.`alternative_value_detail` (`id`, `alternative_value_id`, `criteria_id`, `criteria_name`, `weight_criteria`, `sub_criteria_id`, `sub_criteria_name`, `point_sub_criteria`, `created_at`, `updated_at`, `deleted_at`) VALUES (50, 37, 2, 'Hasil Test', 20, 8, 'Cukup (41 - 60)', 50, '2022-11-03 01:14:02', '2022-11-03 01:14:02', NULL);
INSERT INTO `backend_saw`.`alternative_value_detail` (`id`, `alternative_value_id`, `criteria_id`, `criteria_name`, `weight_criteria`, `sub_criteria_id`, `sub_criteria_name`, `point_sub_criteria`, `created_at`, `updated_at`, `deleted_at`) VALUES (51, 37, 3, 'Postgress SQL', 10, 13, 'Baik (61 - 80)', 75, '2022-11-03 01:14:02', '2022-11-03 01:14:02', NULL);
INSERT INTO `backend_saw`.`alternative_value_detail` (`id`, `alternative_value_id`, `criteria_id`, `criteria_name`, `weight_criteria`, `sub_criteria_id`, `sub_criteria_name`, `point_sub_criteria`, `created_at`, `updated_at`, `deleted_at`) VALUES (52, 37, 4, 'Dokumentasi', 5, 17, 'Sangat Baik (81 - 100)', 100, '2022-11-03 01:14:02', '2022-11-03 01:14:02', NULL);
INSERT INTO `backend_saw`.`alternative_value_detail` (`id`, `alternative_value_id`, `criteria_id`, `criteria_name`, `weight_criteria`, `sub_criteria_id`, `sub_criteria_name`, `point_sub_criteria`, `created_at`, `updated_at`, `deleted_at`) VALUES (53, 37, 5, 'Fintech Experience', 10, 24, 'Run >= 30% (30 - 39%)', 50, '2022-11-03 01:14:02', '2022-11-03 01:14:02', NULL);
INSERT INTO `backend_saw`.`alternative_value_detail` (`id`, `alternative_value_id`, `criteria_id`, `criteria_name`, `weight_criteria`, `sub_criteria_id`, `sub_criteria_name`, `point_sub_criteria`, `created_at`, `updated_at`, `deleted_at`) VALUES (54, 37, 6, 'Tech Experience', 20, 28, 'Baik (61 - 80)', 75, '2022-11-03 01:14:02', '2022-11-03 01:14:02', NULL);
INSERT INTO `backend_saw`.`alternative_value_detail` (`id`, `alternative_value_id`, `criteria_id`, `criteria_name`, `weight_criteria`, `sub_criteria_id`, `sub_criteria_name`, `point_sub_criteria`, `created_at`, `updated_at`, `deleted_at`) VALUES (55, 37, 7, 'Design System', 10, 33, 'Baik (61 - 80)', 75, '2022-11-03 01:14:02', '2022-11-03 01:14:02', NULL);
INSERT INTO `backend_saw`.`alternative_value_detail` (`id`, `alternative_value_id`, `criteria_id`, `criteria_name`, `weight_criteria`, `sub_criteria_id`, `sub_criteria_name`, `point_sub_criteria`, `created_at`, `updated_at`, `deleted_at`) VALUES (56, 37, 8, 'Code Scalability ', 10, 38, 'Baik (61 - 80)', 75, '2022-11-03 01:14:02', '2022-11-03 01:14:02', NULL);
INSERT INTO `backend_saw`.`alternative_value_detail` (`id`, `alternative_value_id`, `criteria_id`, `criteria_name`, `weight_criteria`, `sub_criteria_id`, `sub_criteria_name`, `point_sub_criteria`, `created_at`, `updated_at`, `deleted_at`) VALUES (57, 38, 1, 'Golang', 15, 3, 'Cukup (41 - 60)', 50, '2022-11-03 01:14:41', '2022-11-03 01:14:41', NULL);
INSERT INTO `backend_saw`.`alternative_value_detail` (`id`, `alternative_value_id`, `criteria_id`, `criteria_name`, `weight_criteria`, `sub_criteria_id`, `sub_criteria_name`, `point_sub_criteria`, `created_at`, `updated_at`, `deleted_at`) VALUES (58, 38, 2, 'Hasil Test', 20, 9, 'Baik (61 - 80)', 75, '2022-11-03 01:14:41', '2022-11-03 01:14:41', NULL);
INSERT INTO `backend_saw`.`alternative_value_detail` (`id`, `alternative_value_id`, `criteria_id`, `criteria_name`, `weight_criteria`, `sub_criteria_id`, `sub_criteria_name`, `point_sub_criteria`, `created_at`, `updated_at`, `deleted_at`) VALUES (59, 38, 3, 'Postgress SQL', 10, 14, 'Cukup (41 - 60)', 50, '2022-11-03 01:14:41', '2022-11-03 01:14:41', NULL);
INSERT INTO `backend_saw`.`alternative_value_detail` (`id`, `alternative_value_id`, `criteria_id`, `criteria_name`, `weight_criteria`, `sub_criteria_id`, `sub_criteria_name`, `point_sub_criteria`, `created_at`, `updated_at`, `deleted_at`) VALUES (60, 38, 4, 'Dokumentasi', 5, 19, 'Cukup (41 - 60)', 50, '2022-11-03 01:14:41', '2022-11-03 01:14:41', NULL);
INSERT INTO `backend_saw`.`alternative_value_detail` (`id`, `alternative_value_id`, `criteria_id`, `criteria_name`, `weight_criteria`, `sub_criteria_id`, `sub_criteria_name`, `point_sub_criteria`, `created_at`, `updated_at`, `deleted_at`) VALUES (61, 38, 5, 'Fintech Experience', 10, 24, 'Run >= 30% (30 - 39%)', 50, '2022-11-03 01:14:41', '2022-11-03 01:14:41', NULL);
INSERT INTO `backend_saw`.`alternative_value_detail` (`id`, `alternative_value_id`, `criteria_id`, `criteria_name`, `weight_criteria`, `sub_criteria_id`, `sub_criteria_name`, `point_sub_criteria`, `created_at`, `updated_at`, `deleted_at`) VALUES (62, 38, 6, 'Tech Experience', 20, 29, 'Cukup (41 - 60)', 50, '2022-11-03 01:14:41', '2022-11-03 01:14:41', NULL);
INSERT INTO `backend_saw`.`alternative_value_detail` (`id`, `alternative_value_id`, `criteria_id`, `criteria_name`, `weight_criteria`, `sub_criteria_id`, `sub_criteria_name`, `point_sub_criteria`, `created_at`, `updated_at`, `deleted_at`) VALUES (63, 38, 7, 'Design System', 10, 33, 'Baik (61 - 80)', 75, '2022-11-03 01:14:41', '2022-11-03 01:14:41', NULL);
INSERT INTO `backend_saw`.`alternative_value_detail` (`id`, `alternative_value_id`, `criteria_id`, `criteria_name`, `weight_criteria`, `sub_criteria_id`, `sub_criteria_name`, `point_sub_criteria`, `created_at`, `updated_at`, `deleted_at`) VALUES (64, 38, 8, 'Code Scalability ', 10, 38, 'Baik (61 - 80)', 75, '2022-11-03 01:14:41', '2022-11-03 01:14:41', NULL);
INSERT INTO `backend_saw`.`alternative_value_detail` (`id`, `alternative_value_id`, `criteria_id`, `criteria_name`, `weight_criteria`, `sub_criteria_id`, `sub_criteria_name`, `point_sub_criteria`, `created_at`, `updated_at`, `deleted_at`) VALUES (65, 39, 1, 'Golang', 15, 4, 'Baik (61 - 80)', 75, '2022-11-03 01:15:45', '2022-11-03 01:15:45', NULL);
INSERT INTO `backend_saw`.`alternative_value_detail` (`id`, `alternative_value_id`, `criteria_id`, `criteria_name`, `weight_criteria`, `sub_criteria_id`, `sub_criteria_name`, `point_sub_criteria`, `created_at`, `updated_at`, `deleted_at`) VALUES (66, 39, 2, 'Hasil Test', 20, 8, 'Cukup (41 - 60)', 50, '2022-11-03 01:15:45', '2022-11-03 01:15:45', NULL);
INSERT INTO `backend_saw`.`alternative_value_detail` (`id`, `alternative_value_id`, `criteria_id`, `criteria_name`, `weight_criteria`, `sub_criteria_id`, `sub_criteria_name`, `point_sub_criteria`, `created_at`, `updated_at`, `deleted_at`) VALUES (67, 39, 3, 'Postgress SQL', 10, 15, 'Buruk (21 - 40)', 25, '2022-11-03 01:15:45', '2022-11-03 01:15:45', NULL);
INSERT INTO `backend_saw`.`alternative_value_detail` (`id`, `alternative_value_id`, `criteria_id`, `criteria_name`, `weight_criteria`, `sub_criteria_id`, `sub_criteria_name`, `point_sub_criteria`, `created_at`, `updated_at`, `deleted_at`) VALUES (68, 39, 4, 'Dokumentasi', 5, 18, 'Baik (61 - 80)', 75, '2022-11-03 01:15:45', '2022-11-03 01:15:45', NULL);
INSERT INTO `backend_saw`.`alternative_value_detail` (`id`, `alternative_value_id`, `criteria_id`, `criteria_name`, `weight_criteria`, `sub_criteria_id`, `sub_criteria_name`, `point_sub_criteria`, `created_at`, `updated_at`, `deleted_at`) VALUES (69, 39, 5, 'Fintech Experience', 10, 23, 'Run >= 40% (40 - 59%)', 75, '2022-11-03 01:15:45', '2022-11-03 01:15:45', NULL);
INSERT INTO `backend_saw`.`alternative_value_detail` (`id`, `alternative_value_id`, `criteria_id`, `criteria_name`, `weight_criteria`, `sub_criteria_id`, `sub_criteria_name`, `point_sub_criteria`, `created_at`, `updated_at`, `deleted_at`) VALUES (70, 39, 6, 'Tech Experience', 20, 28, 'Baik (61 - 80)', 75, '2022-11-03 01:15:45', '2022-11-03 01:15:45', NULL);
INSERT INTO `backend_saw`.`alternative_value_detail` (`id`, `alternative_value_id`, `criteria_id`, `criteria_name`, `weight_criteria`, `sub_criteria_id`, `sub_criteria_name`, `point_sub_criteria`, `created_at`, `updated_at`, `deleted_at`) VALUES (71, 39, 7, 'Design System', 10, 34, 'Cukup (41 - 60)', 50, '2022-11-03 01:15:45', '2022-11-03 01:15:45', NULL);
INSERT INTO `backend_saw`.`alternative_value_detail` (`id`, `alternative_value_id`, `criteria_id`, `criteria_name`, `weight_criteria`, `sub_criteria_id`, `sub_criteria_name`, `point_sub_criteria`, `created_at`, `updated_at`, `deleted_at`) VALUES (72, 39, 8, 'Code Scalability ', 10, 40, 'Buruk (21 - 40)', 25, '2022-11-03 01:15:45', '2022-11-03 01:15:45', NULL);
INSERT INTO `backend_saw`.`alternative_value_detail` (`id`, `alternative_value_id`, `criteria_id`, `criteria_name`, `weight_criteria`, `sub_criteria_id`, `sub_criteria_name`, `point_sub_criteria`, `created_at`, `updated_at`, `deleted_at`) VALUES (73, 40, 1, 'Golang', 15, 5, 'Sangat Baik (81 - 100)', 100, '2022-11-03 01:19:19', '2022-11-03 01:19:19', NULL);
INSERT INTO `backend_saw`.`alternative_value_detail` (`id`, `alternative_value_id`, `criteria_id`, `criteria_name`, `weight_criteria`, `sub_criteria_id`, `sub_criteria_name`, `point_sub_criteria`, `created_at`, `updated_at`, `deleted_at`) VALUES (74, 40, 2, 'Hasil Test', 20, 9, 'Baik (61 - 80)', 75, '2022-11-03 01:19:19', '2022-11-03 01:19:19', NULL);
INSERT INTO `backend_saw`.`alternative_value_detail` (`id`, `alternative_value_id`, `criteria_id`, `criteria_name`, `weight_criteria`, `sub_criteria_id`, `sub_criteria_name`, `point_sub_criteria`, `created_at`, `updated_at`, `deleted_at`) VALUES (75, 40, 3, 'Postgress SQL', 10, 14, 'Cukup (41 - 60)', 50, '2022-11-03 01:19:19', '2022-11-03 01:19:19', NULL);
INSERT INTO `backend_saw`.`alternative_value_detail` (`id`, `alternative_value_id`, `criteria_id`, `criteria_name`, `weight_criteria`, `sub_criteria_id`, `sub_criteria_name`, `point_sub_criteria`, `created_at`, `updated_at`, `deleted_at`) VALUES (76, 40, 4, 'Dokumentasi', 5, 20, 'Buruk (21 - 40)', 25, '2022-11-03 01:19:19', '2022-11-03 01:19:19', NULL);
INSERT INTO `backend_saw`.`alternative_value_detail` (`id`, `alternative_value_id`, `criteria_id`, `criteria_name`, `weight_criteria`, `sub_criteria_id`, `sub_criteria_name`, `point_sub_criteria`, `created_at`, `updated_at`, `deleted_at`) VALUES (77, 40, 5, 'Fintech Experience', 10, 23, 'Run >= 40% (40 - 59%)', 75, '2022-11-03 01:19:19', '2022-11-03 01:19:19', NULL);
INSERT INTO `backend_saw`.`alternative_value_detail` (`id`, `alternative_value_id`, `criteria_id`, `criteria_name`, `weight_criteria`, `sub_criteria_id`, `sub_criteria_name`, `point_sub_criteria`, `created_at`, `updated_at`, `deleted_at`) VALUES (78, 40, 6, 'Tech Experience', 20, 29, 'Cukup (41 - 60)', 50, '2022-11-03 01:19:19', '2022-11-03 01:19:19', NULL);
INSERT INTO `backend_saw`.`alternative_value_detail` (`id`, `alternative_value_id`, `criteria_id`, `criteria_name`, `weight_criteria`, `sub_criteria_id`, `sub_criteria_name`, `point_sub_criteria`, `created_at`, `updated_at`, `deleted_at`) VALUES (79, 40, 7, 'Design System', 10, 33, 'Baik (61 - 80)', 75, '2022-11-03 01:19:19', '2022-11-03 01:19:19', NULL);
INSERT INTO `backend_saw`.`alternative_value_detail` (`id`, `alternative_value_id`, `criteria_id`, `criteria_name`, `weight_criteria`, `sub_criteria_id`, `sub_criteria_name`, `point_sub_criteria`, `created_at`, `updated_at`, `deleted_at`) VALUES (80, 40, 8, 'Code Scalability ', 10, 40, 'Buruk (21 - 40)', 25, '2022-11-03 01:19:20', '2022-11-03 01:19:20', NULL);
